butter,garlic,mushroom,lemon,strawberry,walnut,parmesan,butter,coconut milk,bacon,chicken breast,salmon,shrimp,cinnamon,sugar,chili powder,flour,pie crust,rolled oats,peas,short-cut pasta,bread,olive oil,mayonnaise,soy sauce,canned tomato,peanut butter,chicken broth,cocoa,white wine,orange juice,almond extract
egg,onion,shiitake mushroom,lime,blueberry,pecan,cream cheese,egg,almond milk,ground beef,chicken thighs,smoked salmon,prawns,parsley,brown sugar,italian seasoning,vanilla,puff pastry,rice,green beans,spaghetti,bread crumbs,vegetable oil,apple cider vinegar,dijon mustard,capers,tomato paste,vegetable broth,dark chocolate,red wine,coffee,food coloring
garlic,bell pepper,portobello mushroom,apple,raspberry,almond,cheddar,milk,almond butter,beef steak,cooked chicken,cod,crab,cilantro,confectioners' sugar,seasoned salt,baking powder,pizza crust,quinoa,chickpea,macaroni,flour tortillas,extra virgin olive oil,balsamic vinegar,worcestershire,green olives,tomato sauce,chicken stock,chocolate,rum,club soda,nutrional yeast
milk,carrot,porcini,orange,cranberry,sesame seed,mozzarella,heavy cream,tofu,ham,ground turkey,tilapia,scallop,cumin,honey,curry,baking soda,phyllo,basmati rice,black beans,egg noodle,corn tortillas,canola oil,vinegar,hot sauce,canned chickpea,salsa,beef broth,graham cracker,vodka,espresso,peppermint extract
onion,scallion,wild mushroom,banana,cherry,cashew,feta,sour cream,coconut cream,pork loin,whole chicken,tuna steak,clam,basil,maple syrup,garam masala,cornstarch,biscuit dough,brown rice,kidney beans,spiral pasta,baguette,coconut oil,red wine vinegar,ketchup,black olives,tahini,beef stock,baking chocolate,beer,pineapple juice,protein powder
sugar,tomato,oyster mushroom,raisins,blackberry,peanut,ricotta,yogurt,non-dairy milk,pork fillet,whole turkey,halibut,mussel,thyme,corn syrup,pumpkin pie spice,yeast,refrigerated crescent rolls,risotto rice,white beans,lasagna,crackers,sesame oil,rice wine vinegar,mustard,canned black beans,pesto,cream of mushroom,marshmallow,orange liqueur,apple juice,lemon extract
flour,potato,mixed mushrooms,pineapple,berry mix,pine nut,sharp cheddar,buttermilk,vegan butter,sausage,chicken leg,whitefish,squid,ginger root,coconut sugar,mustard powder,chocolate chips,dumpling wrapper,breakfast cereal,lentils,linguine,tortilla chips,cooking spray,white wine vinegar,fish sauce,canned pumpkin,marinara sauce,cream of chicken,white chocolate,bourbon,tea,coconut extract
olive oil,red onion,chestnut mushroom,mango,maraschino cherry,pistachio,monterey jack,greek yogurt,soy milk,prosciutto,chicken wings,trout,nori,garlic powder,molasses,taco seasoning,dark chocolate chips,rice paper,couscous,pinto beans,fettuccine,pita,shortening,ranch dressing,bbq sauce,kalamata olives,pasta sauce,bouillon cube,oreo,cider,cranberry juice,rose water
garlic powder,celery,enoki mushroom,peach,dried tart cherry,chia,blue cheese,cream,extra firm tofu,beef roast,turkey breast,sea bass,lobster,oregano,stevia,cajun seasoning,whole-wheat flour,sourdough starter,rice cereal,snow peas,orzo,pretzels,frying oil,italian dressing,sriracha,pickle,hoisin sauce,onion soup mix,chocolate hazelnut spread,tequila,tomato juice,orange extract
rice,jalapeno,black fungus,coconut,juniper berry,flax,goat cheese,whipped cream,silken tofu,ground pork,ground chicken,red snapper,oyster,chili flake,agave nectar,dry ranch seasoning,panko,cookie dough,semolina,snap peas,pasta shell,sourdough bread,sunflower oil,sherry vinegar,applesauce,canned tuna,tomatoes with green chiles,tomato soup,dutch-process cocoa,sherry,coconut water,liquid egg white
cinnamon,avocado,black truffle,craisins,sour cherry,slivered almonds,fresh mozzarella,ghee,kala namak salt,italian sausage,rotisserie chicken,fish fillets,lobster tail,paprika,sugar syrup,white miso,almond flour,egg roll wrapper,wild rice,red lentils,bow-tie pasta,popcorn,avocado oil,sweet chilli sauce,wholegrain mustard,canned anchovy,pico de gallo,fish stock,instant pudding,whisky,pomegranate juice,rum extract
ketchup,zucchini,morel mushrooms,pear,dried blueberries,pumpkin seeds,swiss cheese,half and half,coconut butter,pork chops,chicken tenders,catfish,crawfish,cayenne,erythritol,lemon & pepper seasoning,self-raising flour,crescent dough,jasmine rice,cannellini beans,noodle,rustic italian bread,peanut oil,white balsamic vinegar,oyster sauce,canned pineapple,stewed tomatoes,cream of celery,cacao,brandy,grapefruit juice,maple extract
soy sauce,shallot,field mushrooms,date,goji berry,hazelnut,pecorino,sweetened condensed milk,egg replacer,beef stew meat,turkey sausage,swordfish,octopus,rosemary,vanilla sugar,poultry seasoning,shredded coconut,bread dough,polenta,bean sprouts,tortellini,croutons,grapeseed oil,champagne vinegar,tamari,chipotle in adobo,hummus,better than bouillon,chocolate candy,gin,lemonade,collagen
mayonnaise,cherry tomato,shimeji mushroom,watermelon,freeze-dried strawberry,poppy seed,gruyere,ice cream,vegan mayonnaise,pepperoni,chicken sausage,sardines,dried shrimp,bay leaf,demerara sugar,liquid smoke,coconut flake,butter puff pastry,bulgur,edamame,rice noodles,whole-wheat tortillas,lard,vinaigrette dressing,ginger-garlic paste,canned corn,guacamole,clam juice,raspberry jam,bitters,coke,chocolate protein powder
vegetable oil,cucumber,straw mushroom,pomegranate,gooseberry,sunflower seeds,mascarpone,margarine,vegan cheese,chorizo,duck,sole,kombu,nutmeg,caramel syrup,chinese five spice,cornmeal,frozen dinner roll,granola cereal,green lentils,rigatoni,english muffin,corn oil,balsamic vinaigrette,chili sauce,canned cannellini beans,enchilada sauce,bone broth,apricot jam,mirin,eggnog,orange blossom water
bread,sweet corn,dried chinese mushroom,grape,lingonberry,macadamia,cottage cheese,evaporated milk,cashew butter,pancetta,turkey bacon,mahi mahi,bay scallop,turmeric,jaggery,red curry,gelatin,wontons,pearl barley,urad dal,gnocchi,brioche,virgin coconut oil,blue cheese dressing,brown mustard,refried beans,fire-roasted tomato,cheese soup,caramel sauce,white rum,ginger ale,peanut butter powder
baking powder,spinach,maitake,rhubarb,canned sour cherry,chopped nuts,american cheese,creme fraiche,tempeh,pork ribs,duck breast,mackerel,wakame,clove,chocolate syrup,herbes de provence,pastry flour,cinnamon roll dough,farro,lima beans,angel hair pasta,italian bread crumbs,mustard oil,thousand island,teriyaki sauce,canned kidney beans,salsa verde,dashi,strawberry jam,coffee liqueur,ginger beer,essence
brown sugar,chile pepper,white truffle,medjool date,elderberry,hemp hearts,provolone,condensed milk,coconut yogurt,ground lamb,boneless chicken,surimi,canned clam,onion powder,raw sugar,old bay seasoning,corn flour,dosa batter,barley,chana dal,ramen noodles,rye bread,chili oil,malt vinegar,prepared horseradish,canned whole tomato,alfredo sauce,onion soup,biscuits,champagne,lemon lime soda,vegan protein powder
oregano,sweet potato,trumpet mushroom,dried apricot,mulberry,nigella seeds,mexican cheese blend,frosting,vegan cream cheese,pork shoulder,chicken livers,smoked trout,scampi,ginger powder,golden syrup,chaat masala,cream of tartar,puff pastry shells,wheat germ,black-eyed peas,vermicelli,dry-roasted peanuts,walnut oil,caesar dressing,ginger paste,sauerkraut,balsamic glaze,chicken soup,candy coating,irish cream,cream of coconut,maca powder
potato,broccoli,white fungus,kiwi,acai berry,mixed nuts,pepper jack,milk powder,non-dairy yogurt,smoked sausage,cornish hen,haddock,king crab,chive,cinnamon sugar,creole seasoning,cake flour,gyoza wrapper,grits,fava beans,tagliatelle,flatbread,truffle oil,black vinegar,buffalo sauce,creamed corn,anchovy paste,veal stock,marshmallow creme,vermouth,sprite,spirulina
honey,pumpkin,pioppini,grapefruit,amla,brazil nut,brie,curd,seed butter,breakfast sausage,deli turkey,smoked haddock,mixed seafood,dill,grenadine,steak seasoning,coconut flour,fresh pasta dough,steel cut oats,red beans,soba noodles,naan,bacon grease,canola mayonnaise,dark soy sauce,corned beef,red enchilada sauce,chicken bone broth,candy,amaretto,green tea,coffee extract
paprika,baby greens,snow fungus,plum,canned cherry,mixed seeds,paneer,thickened cream,oat milk,hot dog,smoked turkey,caviar,baby squid,ground nutmeg,liquid stevia,mixed spice,baking mix,idli batter,millet,moong dal,ravioli,potato chips,safflower oil,japanese mayonnaise,chili paste,sweet pickle relish,chunky peanut butter,turkey stock,jam,marsala wine,lemonade concentrate,brewer's yeast
baking soda,cauliflower,boletus,fig,huckleberry,onion seed,fontina,lemon curd,cashew milk,beef sirloin,turkey meat,monkfish,squid ink,mint,coarse sugar,fleur de sel,bread flour,potsticker wrappers,oat bran,split peas,ziti,cornbread,cacao butter,raspberry vinegar,coconut aminos,canned beans,steak sauce,lamb stock,orange marmalade,cognac,chai tea,strawberry extract
vanilla,cabbage,huitlacoche,mandarin,barberry,melon seeds,queso fresco,custard,rice milk,brisket,chicken quarters,flounder,roasted seaweed,green cardamom,salted caramel syrup,thai red curry paste,almond meal,chocolate pie crust,glutinous rice,pigeon peas,orecchiette,stuffing mix,salad oil,tarragon vinegar,harissa,pickled jalapenos,tzatziki,turkey broth,wafer,sake,root beer,butter extract
spaghetti,asparagus,matsutake,apricot,dried berries,white chia,quark,dulce de leche,nut butter,salami,quail,perch,dulse seaweed,fresh mint,sanding sugar,green curry,unbleached all-purpose flour,croissant dough,sushi rice,mung bean sprout,israeli couscous,taco shells,garlic oil,sesame dressing,chili-garlic sauce,diced green chiles,taco sauce,beef consommé,cookies,sparkling wine,drinking chocolate,chocolate extract
peanut butter,kale,nameko,currant,saskatoon berry,lotus seeds,gouda,chocolate frosting,vegan sour cream,beef short ribs,smoked turkey sausage,salt cod,smoked oyster,smoked paprika,dark corn syrup,barbecue seasoning,white baking chips,brisee,instant rice,soybeans,ditalini,tater tots,duck fat,greek vinaigrette,cranberry sauce,sun-dried tomatoes in oil,beef gravy,chili without beans,chocolate pudding,rice wine,tonic water,bee pollen
chili powder,arugula,djon djon mushroom,prunes,sea buckthorn,trail mix,cotija,kefir,textured vegetable protein,deli ham,smoked chicken,hake,kelp,coriander powder,sucralose,apple pie spice,gluten-free flour,sausage rolls,hominy,mung beans,udon noodles,bagel,soybean oil,aioli sauce,tamarind paste,chili beans,béchamel sauce,stock paste,peanut butter cups,shaoxing wine,malted milk powder,raspberry extract
cumin,leek,puffball,sultanas,hawthorn,basil seeds,asiago,chocolate milk,soy yogurt,leg of lamb,turkey leg,pollock,kizami nori,coriander,monk fruit sweetener,za'atar,rice flour,tofu skins,red quinoa,string beans,pappardelle,corn chips,rice brain oil,french dressing,pomegranate molasses,kimchi,horseradish sauce,cream of potato,candy cane,dry vermouth,mango juice,anise extract
mustard,eggplant,honey fungus,cantaloupe,rosehip,candlenut,smoked cheese,sherbet,vegan mozzarella,pork belly,goose,smoked mackerel,yaki-nori,sage,maple sugar,ras el hanout,desiccated coconut,kataifi,wheat bran,yellow split peas,glass noodles,croissants,white truffle oil,poppyseed dressing,wasabi,bamboo shoot,sun-dried tomato pesto,golden mushroom soup,dark cocoa,liqueur,sour mix,banana extract
chicken breast,lettuce,caesar's mushroom,papaya,boysenberry,peanut brittle,halloumi,hung curd,coconut whipped cream,kielbasa,pheasant,rainbow trout,hijiki,allspice,blackstrap molasses,seafood seasoning,tapioca starch,korean rice cake,poha,black lentils,rice vermicelli,pork rinds,medium-chain triglyceride,balsamic dressing,gochujang,baked beans,plum sauce,seafood stock,cacao nibs,coconut rum,tea leaves,lavender oil
cheddar,sweet onion,candy cap mushrooms,passion fruit,cloudberry,honey-roasted almond,chevre,quail egg,vegan sausage,sweet italian sausage,turkey pepperoni,sea bream,conch,peppercorn,rock sugar,all-purpose seasoning,yellow cake mix,corn dogs,raw buckwheat,borlotti beans,gluten-free pasta,pumpernickel,flaxseed oil,catalina dressing,honey mustard,canned mushroom,garlic butter,mushroom broth,ginger snaps,dessert wine,grape juice,cannabis
onion powder,butternut squash,,tamarind,freeze-dried berries,tigernuts,manchego,whey,non-dairy cream,boneless lamb,chicken bones,cuttlefish,arame,mustard seed,glucose,bagel seasoning,chickpea flour,tortilla dough,puffed rice,aquafaba,mac 'n cheese,muffin,butter-flavored cooking spray,verjuice,mango chutney,canned salmon,hollandaise sauce,vegetable soup,lady fingers,curacao,carrot juice,essential oil
carrot,romaine,,nectarine,aronia berry,sunflower sprouts,italian cheese blend,buttermilk powder,non-dairy creamer,andouille,turkey ham,herring,sea urchin,white pepper,confectioners' sweetener,tandoori spice,canned pie filling,empanada wrapper,instant oats,chana,penne rigate,sweet bread,hazelnut oil,honey mustard dressing,english mustard,pickling juice,black bean sauce,vegetable soup mix,fudge,port wine,cherry juice,vitamin c
tomato,beetroot,,dried fig,chokeberry,apricot kernels,neufchatel,frozen yogurt,coconut powder,ground pork sausage,turkey thigh,carp,abalone,curry leaves,xylitol,fajita seasoning,xanthan gum,rough-puff pastry,wheat berries,snake beans,bucatini,pita chips,pumpkin seed oil,raspberry vinaigrette,preserved lemon,canned peaches,cocktail sauce,chicken noodle soup,chocolate chip cookies,kirsch,limeade concentrate,chicken essence
basil,artichoke,,chestnut,loganberry,palm seeds,burrata,milk cream,smoked tofu,roast beef,turkey meatballs,grouper,seaweed salad,fennel seed,jam sugar,pickling spice,oat flour,gingerbread cookie dough,black rice,mixed beans,manicotti,potato bread,almond oil,chipotle mayonnaise,sambal oelek,pickled ginger,cheese dip,chicken consommé,digestive biscuits,peach schnapps,dr pepper,egg white powder
parsley,brussels sprout,,meyer lemon,blackcurrant leaves,keto trail mix,havarti,khoya,soy cream,ground sausage,foie gras,salmon roe,salted shrimp,tarragon,strawberry syrup,caribbean jerk seasoning,whole-wheat pastry flour,yufka,yellow rice,yellow lentils,cannelloni,gluten free bread,lemon oil,cane vinegar,kecap manis,canned green beans,tapenade,shrimp stock,chocolate cookies,apple brandy,white grape juice,caramel extract
parmesan,fennel,,honeydew melon,haskap berry,barùkas,colby,clotted cream,seitan,bacon bits,turkey neck,barramundi,aonori,saffron,vanilla syrup,gravy mix,candy sprinkles,egg wrap,amaranth,fermented black beans,thai rice noodles,hawaiian rolls,goose fat,red wine vinaigrette,chutney,spam,stir-fry sauce,nacho cheese soup,apple butter,rosé wine,watermelon juice,root beer extract
italian seasoning,sun dried tomato,,clementine,dewberry,indian almond,herb cream cheese,sour milk,non-dairy whipped toping,pork roast,chicken giblets,roe,dulse,asafoetida,ginger syrup,garlic-pepper seasoning,spelt,samosa sheet,fine semolina,kala chana,brown rice pasta,breadsticks,palm oil,russian dressing,picante sauce,pickled onions,turkey gravy,ramen noodle soup,peppermint candy,anise liqueur,passion-fruit juice,acai powder
thyme,radish,,dried fruit,sloe berry,,grana-padano,cheese curd,nut milk,hot italian sausage,turkey wing,black cod,smoked mussel,star anise,orgeat,msg,brownie mix,brick pastry,muesli,black gram,rotelle,focaccia,basil oil,avocado oil mayonnaise,shrimp paste,canned lentils,thai peanut sauce,cream of broccoli,dark chocolate cocoa powder,cooking wine,apricot juice,cannabutter
bell pepper,red cabbage,,persimmon,oregon grape,,muenster,coffee creamer,condensed coconut milk,beef ribs,chicken nuggets,kingfish,sea snails,marjoram,pancake syrup,greek seasoning,arrowroot flour,,kasha,wax beans,shirataki noodles,gluten-free bread crumbs,pork fat,spicy mayo,thai sweet chili sauce,fruit cocktail,chicken gravy,pork stock,cinnamon roll,limoncello,iced tea,ube flavoring
,summer squash,,melon,,,camembert,ganache,vegan burger party,lamb shoulder,turkey burger,dried anchovy,prepared crab cake,lemongrass,raspberry syrup,sambar powder,potato starch,,quinoa flakes,pink beans,pierogi,tostada shells,beef drippping,champagne vinaigrette,sweet and sour sauce,canned peas,sloppy joe sauce,lobster stock,butter cookies,elderflower liqueur,tangerine juice,glucomannan
,mixed greens,,tangerine,,,string cheese,duck egg,hemp protein,pork spare ribs,chicken andouille,orange roughy,sea lettuce,cracked pepper,rice malt syrup,teriyaki marinade,flaxseed meal,,pearled farro,lentil sprouts,instant noodle,crispy fried onions,macadamia oil,garlic mayonnaise,liquid aminos,canned cherry tomato,mustard sauce,chicken rice soup,candied cherry,herbal liqueur,fruit juice,tamarind extract
,parsnip,,dried mango,,,soft cheese,cajeta,pulled oats,veal steak,chicken gizzards,pomfret,korean seaweed,chile powder,black treacle,adobo seasoning,butterscotch chips,,freekeh,white pea,sweet potato noodles,matzo,schmaltz,sun-dried tomato vinaigrette,tartar sauce,pimiento-stuffed green olives,pimento cheese spread,chicken stock paste,caramel candies,hazelnut liqueur,kombucha,freeze-dried strawberry powder
,new potato,,apple chips,,,aged cheddar,salted egg,soy curls,lamb chops,ground turkey sausage,turbot,ogo seaweed,chipotle,date syrup,garlic & herb seasoning,chocolate cake mix,,sorghum,black soybeans,acini di pepe,garlic bread,tallow,brown rice vinegar,green chutney,pickled red onion,sofrito,butternut squash soup,currant jelly,peach liqueur,peach juice,cherry extract
,poblano pepper,,quince,,,stilton,goat milk,vegan pesto,bone-in ham,smoked turkey leg,bangus,seaweed caviar,caraway,date paste,smoked salt,jello,,paella rice,field peas,cavatelli,yeast extract spread,sushi vinegar,buttermilk ranch dressing,bonito flakes,canned pork,sun-dried tomato paste,miso soup,vanilla pudding,melon liqueur,beet juice,butterscotch flavor
,mixed vegetable,,jackfruit,,,raclette,skyr,vegan ground beed,mutton,chicken italian sausage,rockfish,langoustine,celery seed,coconut syrup,dash seasoning,peanut butter chips,,red rice,gigantes,soup pasta,challah,pistachio oil,coconut vinegar,ponzu,pickled beets,demi-glace,duck stock,candied ginger,madeira wine,orange soda,kewra water
,serrano pepper,,guava,,,cheddar-jack cheese,raw milk,soy chorizo,canadian bacon,ostrich,branzino,sea moss,garlic granules,mint syrup,wasabi powder,crystallized ginger,,dalia,horse gram,somen noodles,roasted gram,beef fat,cilantro dressing,green chili sauce,jarred roasted red bell pepper,queso dip,broccoli-cheese soup,chocolate wafer,raspberry liqueur,kool aid,chocolate collagen
,sweet pepper,,kumquat,,,colby-jack cheese,chantilly,hazelnut butter,lamb shank,crispy chicken strips,arctic char,,fenugreek,treacle,red miso,buckwheat flour,,mexican rice,flageolets,yakisoba noodles,crostini,argan oil,creamy dressing,peri peri,bread & butter pickles,chimichurri sauce,clam chowder,peach preserves,schnapps,margarita mix,raspberry powder
,watercress,,banana chips,,,jarlsberg cheese,milkfat,vegan beef,beef sausage,popcorn chicken,eel,,onion flake,splenda brown sugar,hot curry,brown rice flour,,idli rice,soy sprouts,beef ravioli,rice cake,pecan oil,miso dressing,crispy onions,canned pear,french onion dip,clam broth,candied peel,creme de cacao,tamarind juice,cannabis milk
,iceberg,,dragon fruit,,,taleggio,lime curd,coconut paste,ham steak,chicken feet,lemon sole,,matcha powder,rice syrup,carne asada seasoning,pectin,,cream of wheat,cluster beans,fideo pasta,unpopped popcorn,herb-infused olive oil,onion salad dressing,sambal,peppadew pepper,bolognese sauce,vegan chicken broth,cherry jam,banana liqueur,pear juice,malt extract
,green tomato,,mixed fruit,,,oaxaca,yogurt starter,hemp milk,bratwurst,chicken necks,yellowtail,,ancho chile powder,maple butter,yellow miso,rye flour,,rice pilaf,honey beans,kelp noodles,panettone,red palm oil,green goddess dressing,red pepper jelly,onion paste,curry sauce,cream of asparagus,dark couverture chocolate,absinthe,chamomile tea,cinnamon extract
,mashed potatoes,,asian pear,,,labneh,powdered coffee creamer,vegan bacon,venison,pulled chicken,fresh anchovy,,sumac,manuka honey,bouquet garni,refined flour,,barnyard millet,winged beans,radiatore,sweet potato fries,lamb fat,moscatel vinegar,green chilli paste,pickled vegetables,liver spread,ham stock,couverture chocolate,aperol,tamarind water,kombucha starter
,horseradish,,lychee,,,edam,strawberry frosting,vegetable suet,pulled pork,deli chicken,battered fish,,fenugreek seed,brown sugar blend,curing salt,psyllium husk,,weetabix,brown beans,spaetzle,sev,shallot oil,honey vinegar,mint jelly,dill relish,mushroom gravy,pork broth,grape jelly,white cooking wine,cream soda,pandan extract
,chard,,kaffir lime,,,fromage blanc,rainbow sherbet,dairy-free ice-cream,pork butt,smoked duck breast,pickled herring,,dried parsley flakes,apple syrup,salt-free seasoning,semolina flour,,black glutinous rice,moth beans,paccheri,papad,castor oil,vinegar powder,jalapeno jelly,canned baby corn,schezwan sauce,beefy mushroom soup,waffles,creme de menthe,energy drink,camu powder
,pimiento,,star fruit,,,asadero,amul butter,vegan chicken,ham hock,pigeon,john dory,,kashmiri red chilli,blueberry syrup,dukkah,pancake mix,,jambalaya rice mix,mayocoba beans,kluski noodles,vegetable chips,chicken drippings,caramelised onion dressing,thai chili paste,canned lychee,browning sauce,bean soup mix,instant lemon pudding,apricot brandy,mountain dew,pineapple extract
,butter lettuce,,bitter melon,,,creamy cheese wedge,century egg,almond-coconut milk,frozen meatballs,turkey kielbasa,pike,,thai basil,blackberry syrup,pav bhaji masala,glutinous rice flour,,puffed quinoa,golden wax beans,matzo farfel,spinach wraps,jojoba oil,chili-lime dressing,mustard paste,mexican-style corn,pork gravy,cream of shrimp soup,butterscotch,cinnamon alcohol,rooibos tea,soy lecithin
,spaghetti squash,,tender coconut,,,marble cheese,honey butter,banana blossom,rabbit,wild game bird,swai fish,,edible flowers,piloncillo,mexican seasoning,muffin mix,,cilantro lime rice,chickpea sprouts,black bean pasta,cheetos,oregano oil,spicy peanut dressing,horseradish mustard,pork and beans,orange sauce,lentil soup,fig jam,cachaça,grapefruit soda,wheatgrass powder
,celeriac,,pomelo,,,leicester,goat butter,vegetarian hot dog,mixed ground meat,duck confit,walleye,,aniseed,cherry syrup,tajin seasoning,marzipan,,dirty rice mix,lupini beans,yolk-free noodles,roasted chickpeas,wheat germ oil,sugarcane vinegar,aji amarillo,ranch-style beans,country gravy,veal broth,blueberry jam,elderflower cordial,jasmine tea,ashwagandha
,hash browns,,prickly pear,,,graviera,strawberry cream cheese,hazelnut milk,pork cutlets,turkey liver,fresh mackerel,,kaffir lime leaves,allulose,seasoned pepper,coffee bean,,hulled barley,natto,spinach fettuccine,crumpet,hemp seed oil,spicy vinegar,pepper paste,banana pepper rings,pineapple salsa,vegetable beef soup,candied fruit,chocolate liqueur,guava juice,chlorella
,water chestnut,,chestnut puree,,,cheddar cheese powder,orange curd,soy milk powder,veal cutlet,chicken meatballs,basa fish,,lavender,hibiscus syrup,shichimi togarashi,toffee bits,,finger millet,hyacinth beans,rice-a-roni,chapati,achiote oil,,yuzu juice,pickled pepper,artichoke dip,cream of bacon,cookie butter,ginger liqueur,raspberry juice,probiotics
,napa cabbage,,yuzu,,,mizithra,dahi,almond-milk yogurt,soup bones,duck liver,bluefish,,chervil,fresh sugar cane,crab boil seasoning,cornbread mix,,kodo millet,petai,fregola,seed bread,cottonseed oil,,tonkatsu sauce,tomato relish,mango salsa,lobster bisque,almond cookies,sloe gin,clamato,cbd
,turnip,,granadilla,,,kefalotyri,goat yogurt,vegan cream cheese frosting,lamb loin,guinea fowl,smoked eel,,chipotle powder,sorghum syrup,truffle salt,spice cake mix,,rye berries,whole yellow peas,frozen dumplings,keto bread,pork dripping,,hot pepper jelly,taggiasca olives,olive paste,bean with bacon soup,blackberry preserves,maraschino,iced coffee concentrate,fish oil
,bok choy,,calamansi,,,lancashire,pumpkin spice coffee creamer,vegan meatballs,rack of lamb,smoked turkey wing,rohu fish,,carom seeds,white chocolate sauce,furikake,devil's food cake mix,,spelt flakes,soy flakes,beef tortellini,bread bowl,rosehip seed oil,,tamarind chutney,canned sardines,spinach dip,condensed chicken gumbo soup,apple jelly,creme de cassis,green tea leaves,lime essential oil
,okra,,mixed peel,,,kasseri,bulgarian yogurt,soy granules,mexican chorizo,chicken schnitzel,salmon trout,,mace,glycerine,biryani masala,sorghum flour,,matta rice,,banh pho,sprouted grain bread,camelina oil,,onion marmalade,canned carrot,japanese curry,turkey bone broth,gummies,cream sherry,strawberry juice,egg powder
,thai chile pepper,,kokum,,,babybel,chocolate milk powder,almond creamer,pork back ribs,chicken roast,sturgeon,,mango powder,pumpkin spice syrup,togarashi,potato flakes,,oat groats,,mandu,frozen onion rings,marula oil,,chermoula,corn relish,tikka masala sauce,bovril,candy corn,bloody mary mix,rose syrup,magnesium
,radicchio,,dried lime,,,longhorn,liquid rennet,falafel mix,black forest ham,grouse,fish balls,,black mustard seed,lucuma powder,chipotle seasoning,masa harina,,teff,,trahanas,corn muffin,moringa seed oil,,hp sauce,fire-roasted green chiles,vodka sauce,lamb broth,sugar cookies,gold rum,blueberry juice,wine yeast
,acorn squash,,tangelo,,,panela cheese,stawberry milk,vegan gravy,pork steak,turkey bones,gurnard,,black cardamom,black sugar,meat masala,cinnamon chips,,rye flakes,,busiate,corn nuts,white cacao butter,,chili jam,pickled hot pepper,mole paste,minestrone,ice-cream cone,sparkling rosé,v8 juice,barley grass
,corn cob,,sweet lime,,,comté,ayran,ready-made falafel,smoked ham hock,goose liver,red mullet,,saffron strands,cranberry syrup,harissa spice blend,agar agar,,gluten-free breakfast cereal,,lobster ravioli,rice crackers,black seed oil,,duck sauce,pickled cherry peppers,sesame sauce,thai chicken broth,strawberry puree,red cooking wine,lemonade mix,greens powder
,pearl onion,,durian,,,cheese powder,buffalo milk,cashew cheese sauce,oxtail,turkey lunch meat,pompano,,pink peppercorn,cane syrup,chicken gravy mix,red velvet cake mix,,puffed amaranth,,mafalde,rusks,,,ginger chili paste,red pepper relish,onion gravy,tomato bisque,marmalade,grappa,thai tea,reishi mushroom
,plaintain,,dried lemon,,,wensleydale,cuajada,flax milk,serrano ham,turkey roast,fish heads,,hot paprika,mango syrup,chana masala,matzo meal,,puffed wheat,,misua,fruit bread,,,korean bbq sauce,candied jalapenos,sausage gravy,venison stock,chocolate powder,lime cordial,aloe vera juice,rice protein powder
,tenderstem broccoli,,young jackfruit,,,scamorza,kashk,coconut fat,raw chorizo,capon,plaice,,lemon thyme,malt syrup,au jus mix,sago,,puffed kamut,,trottole,pav bun,,,doubanjiang,canned potato,kung pao sauce,beef stock paste,sponge cake,mezcal,butterfly pea flower,tea-tree oil
,baby bok choy,,custard-apple,,,amul cheese,yogurt drink,hazelnut creamer,beef liver,chicken bacon,dried fish,,arbol chile pepper,hot honey,chicken taco seasoning,cassava flour,,pearled sorghum,,palmini,crispbread,,,lime pickle,okra pickles,whipped cream cheese spread,green pea soup,chocolate-covered espresso bean,drambuie,white tea,vitamin d
,leaf lettuce,,dried tamarind,,,cambozola,pickled egg,quorn,pastrami,turkey rissoles,smoked fish,,galangal,gula melaka,berbere,sugar cookie mix,,shirataki rice,,pasta salad mix,boboli,,,bacon jam,piccalilli,cheese spread,pork & beans,licorice,strawberry liqueur,juice blend,calcium lactate
,endive,,physalis,,,cheshire cheese,sheep milk,soy-free vegan butter,back bacon,chicken kebab,salmon burger meat,,garlic flakes,elderberry syrup,brown miso,hazelnut flour,,fonio,,pot pie noodle,roti bread,,,chinese mustard,pickled radish,garlic spread,sun-dried tomato bisque mix,pineapple jam,ginger wine,prune juice,creatine
,pepperoncini,,honey date,,,hard goat cheese,starter culture,tofurky,hard salami,chicken ham,shark meat,,dried chilies,sweet'n low,mushroom seasoning,vital wheat gluten,,grünkern,,jjolmyeon,bao bun,,,chamoy,tomato confit,deviled ham spread,callaloo,egg candies,white port,passion tea,mango extract
,jicama,,ice-apple,,,anthotyro,ostrich egg,walnut taco meat,cocktail sausage,duck neck,smoked herring,,lemon balm,fructose,gingerbread spice,citric acid,,jeera rice,,quinoa pasta,milk bread,,,doenjang,pickled green beans,pad thai sauce,ham-flavored concentrate,plum jam,pumpkin ale,sparkling cider,berry powder
,habanero pepper,,tamarillo,,,sheep cheese,goat kefir,cashew cream cheese,veal shank,chicken frames,flathead,,dill seed,grape syrup,pizza seasoning,finger millet flour,,kamut flakes,,bean pasta,popcorn shrimp,,,giardiniera,canned four-bean mix,black pepper sauce,oxtail soup,sorbet,bénédictine,berry juice,vitamin e
,corn husk,,finger lime,,,kashkaval,sheep yogurt,egg tofu,salt pork,chicken ribs,whiting,,green peppercorn,honey powder,blackening seasoning,baking chips,,cream of rice,,bean sheets,wasabi peas,,,ume plum vinegar,half-sour pickle,char siu sauce,potato soup mix,white couverture,piña colada mix,lapsang souchong,corn extract
,collard greens,,jujube,,,reblochon,laban,macadamia butter,lap cheong,chicken gyros,fish cake,,aleppo pepper,berry syrup,fines herbes,meringue powder,,,,hilopites,yorkshire pudding,,,karashi,myoga,green olive tapenade,pho broth,pumpkin butter,daiquiri mix,blackcurrant juice,daily vitamins
,french-fried onions,,longan,,,brick cheese,,vegan nutella,beef shank,turkey tail,garoupa,,pandan leaves,brown butter syrup,chili-lime seasoning,coconut chips,,,,naengmyeon noodles,chocolate muffin,,,chili crisp,sardines in tomato sauce,black truffle butter,split pea soup,chocolate peanut butter,coconut liqueur,strawberry soda,maltodextrin
,baby corn,,bitter orange,,,quick-melt cheese,,cricket flour,ground venison,chicken patty,gilt-head bream,,hibiscus flowers,date sugar,chai masala,quinoa flour,,,,,ezekiel bread,,,maggi sauce,umeboshi,butter chicken sauce,tortillo soup base,guava paste,galliano,herbal tea,moringa powder
,daikon,,feijoa,,,robiola,,okara,blood sausage,,pangasius,,sorrel,gum syrup,kitchen king masala,fondant,,,,,arabic bread,,,mushroom soy sauce,pickled sport peppers,garlic pasta sauce,cream of cauliflower,cinnamon candy,plum wine,sugar cane juice,pure lime extract
,belgian endive,,dried persimmons,,,farmer's cheese,,protein drink,dried beef,,salt herring,,achiote seeds,inulin,shawarma seasoning,whipped cream stabilizer,,,,,zwieback,,,taucheo,fermented pickle,mentsuyu,dashida,banana pudding,chocolate bitters,banana juice,sodium alginate
,broccoli rabe,,rambutan,,,manouri,,macadamia milk,gammon joint,,soused herring,,savory herb,mastic,panang curry,white cornmeal,,,,,coconut wraps,,,yuzu kosho,mackerel in tomato sauce,schezwan chutney,,doughnut,rumchata liqueur,decaf coffee,thc
,rutabaga,,rose apple,,,mimolette,,vegetarian burger crumbles,country ham,,tinapa,,saigon cinnamon,irish cream syrup,thai seasoning,millet flour,,,,,oven chips,,,german mustard,mango pickles,black bean and corn salsa,,chocolate spread,sangria,pumpkin spice coffee,rose oil
,boston lettuce,,dried orange slice,,,queso quesadilla,,vegan yogurt starter,ground bison,,zander,,gochugaru,prickly pear syrup,lemon & herb seasoning,mint baking chips,,,,,taco kit,,,ajvar,tuna spread,tarama,,strawberry sauce,grapefruit bitters,pepsi,banana powder
,ancho chile peppers,,fig leaves,,,caciocavallo,,banana milk,mortadella,,amberjack,,lemongrass paste,cookie butter syrup,mulling spices,mincemeat,,,,,ready-made arepas,,,hot bean paste,zha cai,thai red curry sauce,,butterscotch pudding mix,vanilla liqueur,sports drink,chaga mushroom powder
,yam,,loquat,,,requeijão,,latik,fresh sausage,,mullet,,hibiscus leaves,creamed honey,hawaiian salt,angel food cake mix,,,,,ready-made pancake,,,shrimp sauce,pickled garlic,white pizza sauce,,chocolate fudge,white chocolate liqueur,lime soda,cranberry powder
,fresno chile,,crabapple,,,vacherin,,vegan chicken nuggets,bologna,,skipjack tuna,,balck cumin,buttermilk syrup,coffee rub,gluten-free baking flour,,,,,breading mix,,,remoulade,szechuan preserved vegetable,ssamjang,,biscotti,rhum agricole,peppermint tea,goji berry powder
,microgreens,,freeze-dried pineapple,,,brown cheese,,vegan starter culture,smoked pork chop,,marlin,,vietnamese mint,flavored syrup,mesquite seasoning,einkorn flour,,,,,japanese peanuts,,,salsa lizano,pickled asparagus,tomato tapenade,,peppermint patties,apple liqueur,lemon crystals,pista essence
,kohlrabi,,soursop,,,gloucester,,walnut milk,lamb neck,,threadfin,,celery powder,malt sugar,sriracha seasoning,self-rising cornmeal,,,,,cauliflower wraps,,,white bbq sauce,pickled daikon,yum yum sauce,,raspberry sorbet,moonshine,acai berry juice,sunflower lecithin
,guajillo pepper,,pluot,,,port salut,,rice cream,beef suet,,tiny fish,,anardana,chocolate sugar,tom yum paste,sweet bean paste,,,,,potato waffle,,,eel sauce,,mole sauce,,hershey kisses,cherry vodka,chicory coffee,bubblegum essence
,frisee,,hog plum,,,derby cheese,,vegan roe,burger patty,,beluga caviar,,shiso,aspartame,salad seasoning,gluten-free self-raising flour,,,,,tartlet shells,,,pickapeppa sauce,,nuoc cham,,raspberry sauce,bergamot liqueur,kiwi juice,cake batter extract
,delicata squash,,luo han guo,,,fontal,,vegetarian rennet,sausage patty,,bombay duck,,dried orange peel,peanut butter syrup,fermented bean curd,peanut flour,,,,,injera,,,sweet soybean paste,,peach salsa,,pistachio pudding,soju,apple tea,champagne yeast
,cress,,bergamot orange,,,truffle cheese,,,veal roast,,bottarga,,lemon verbena,carob syrup,fish masala,teff flour,,,,,,,,banana ketchup,,white clam sauce,,pistachio instant pudding,violette liqueur,golden milk powder,cod liver oil
,anaheim pepper,,mamey,,,epoisses cheese,,,beef shoulder,,fish pie mix,,espelette pepper,coffee-flavored syrup,southwest chipotle seasoning,tapioca pearls,,,,,,,,grape must,,xo sauce,,cheesecake instant pudding,armagnac,horchata,fiber powder
,broccoli slaw,,sapote,,,maasdam,,,steak tips,,kamaboko,,achiote paste,yacon syrup,baharat,potato flour,,,,,,,,shrimp powder,,bean dip,,praline,root beer schnapps,pineapple soda,spinach powder
,golden beet,,aloo bukhara,,,petit-suisse,,,veal chops,,korean fish cake,,summer savory,cola syrup,panch phoron,guar gum,,,,,,,,beer mustard,,eggplant dip,,cotton candy,lime vodka,grape soda,ale yeast
,pea shoots,,kiwano,,,sbrinz,,,snail,,pilchards,,fennel pollen,isomalt,pasta seasoning,seasoned flour,,,,,,,,guk ganjang,,salsa macha,,lemon jelly,pear liqueur,raspberry tea,bergamot oil
,gem lettuce,,seagrape,,,teleme,,,venison steak,,shirasu,,dried lemon peel,bochasweet,berbere spice,soy flour,,,,,,,,yakisoba sauce,,béarnaise sauce,,white chocolate pudding,pisang ambon,strawberry milkshake powder,bitartrate powder